Match,Batting Team,Batting Position,Batsmen name,Runs,Balls,4s,6s,Strike Rate,Out/Not out
Namibia Vs Sri Lanka,Namibia,1,Michael van Lingen ,3,6,0,0,50.00,c Pramod Madushan b Chameera
Namibia Vs Sri Lanka,Namibia,2,Divan la Cock ,9,9,1,0,100.00,c Shanaka b Pramod Madushan
Namibia Vs Sri Lanka,Namibia,3,Jan Nicol Loftie-Eaton ,20,12,1,2,166.66,c †Mendis b Karunaratne
Namibia Vs Sri Lanka,Namibia,4,Stephan Baard ,26,24,2,0,108.33,c DM de Silva b Pramod Madushan
Namibia Vs Sri Lanka,Namibia,5,Gerhard Erasmus (c),20,24,0,0,83.33,c Gunathilaka b PWH de Silva
Namibia Vs Sri Lanka,Namibia,6,Jan Frylinck ,44,28,4,0,157.14,run out (Gunathilaka/†Mendis)
Namibia Vs Sri Lanka,Namibia,7,David Wiese ,0,1,0,0,0.00,c †Mendis b Theekshana
Namibia Vs Sri Lanka,Namibia,8,JJ Smit ,31,16,2,2,193.75,not out 
Namibia Vs Sri Lanka,Sri Lanka,1,Pathum Nissanka ,9,10,1,0,90.00,c Smit b Shikongo
Namibia Vs Sri Lanka,Sri Lanka,2,Kusal Mendis †,6,6,0,0,100.00,c †Green b Wiese
Namibia Vs Sri Lanka,Sri Lanka,3,Dhananjaya de Silva ,12,11,1,0,109.09,c Shikongo b Frylinck
Namibia Vs Sri Lanka,Sri Lanka,4,Danushka Gunathilaka ,0,1,0,0,0.00,c †Green b Shikongo
Namibia Vs Sri Lanka,Sri Lanka,5,Bhanuka Rajapaksa ,20,21,2,0,95.23,c la Cock b Scholtz
Namibia Vs Sri Lanka,Sri Lanka,6,Dasun Shanaka (c),29,23,2,1,126.08,c †Green b Frylinck
Namibia Vs Sri Lanka,Sri Lanka,7,Wanindu Hasaranga de Silva ,4,8,0,0,50.00,c Loftie-Eaton b Scholtz
Namibia Vs Sri Lanka,Sri Lanka,8,Chamika Karunaratne ,5,8,0,0,62.50,c Baard b Smit
Namibia Vs Sri Lanka,Sri Lanka,9,Pramod Madushan ,0,0,0,0,-,run out (van Lingen/†Green)
Namibia Vs Sri Lanka,Sri Lanka,10,Dushmantha Chameera ,8,15,0,0,53.33,c Erasmus b Wiese
Namibia Vs Sri Lanka,Sri Lanka,11,Maheesh Theekshana ,11,11,0,1,100.00,not out 
United Arab Emirates Vs Netherlands,United Arab Emirates,1,Chirag Suri ,12,20,1,0,60.00,c †Edwards b van der Merwe
United Arab Emirates Vs Netherlands,United Arab Emirates,2,Muhammad Waseem ,41,47,1,2,87.23,c Pringle b Klaassen
United Arab Emirates Vs Netherlands,United Arab Emirates,3,Kashif Daud ,15,14,0,1,107.14, b Pringle
United Arab Emirates Vs Netherlands,United Arab Emirates,4,Vriitya Aravind †,18,21,0,0,85.71,c Klaassen b de Leede
United Arab Emirates Vs Netherlands,United Arab Emirates,5,Zawar Farid ,2,4,0,0,50.00,run out (Ackermann/†Edwards)
United Arab Emirates Vs Netherlands,United Arab Emirates,6,Basil Hameed ,4,4,1,0,100.00,c van der Merwe b de Leede
United Arab Emirates Vs Netherlands,United Arab Emirates,7,Chundangapoyil Rizwan (c),1,2,0,0,50.00, b de Leede
United Arab Emirates Vs Netherlands,United Arab Emirates,8,Aayan Afzal Khan ,5,7,0,0,71.42,c Cooper b Klaassen
United Arab Emirates Vs Netherlands,United Arab Emirates,9,Karthik Meiyappan ,0,0,0,0,-,not out 
United Arab Emirates Vs Netherlands,United Arab Emirates,10,Junaid Siddique ,0,1,0,0,0.00,not out 
United Arab Emirates Vs Netherlands,Netherlands,1,Vikramjit Singh ,10,7,2,0,142.85, b Basil Hameed
United Arab Emirates Vs Netherlands,Netherlands,2,Max O'Dowd ,23,18,3,1,127.77, b Junaid Siddique
United Arab Emirates Vs Netherlands,Netherlands,3,Bas de Leede ,14,18,1,0,77.77,c Rizwan b Meiyappan
United Arab Emirates Vs Netherlands,Netherlands,4,Colin Ackermann ,17,19,1,0,89.47,c Junaid Siddique b Aayan Afzal Khan
United Arab Emirates Vs Netherlands,Netherlands,5,Tom Cooper ,8,16,0,0,50.00,lbw b Junaid Siddique
United Arab Emirates Vs Netherlands,Netherlands,6,Scott Edwards (c)†,16,19,0,0,84.21,not out 
United Arab Emirates Vs Netherlands,Netherlands,7,Roelof van der Merwe ,0,2,0,0,0.00, b Junaid Siddique
United Arab Emirates Vs Netherlands,Netherlands,8,Tim Pringle ,15,16,0,0,93.75, b Zahoor Khan
United Arab Emirates Vs Netherlands,Netherlands,9,Logan van Beek ,4,4,0,0,100.00,not out 
Scotland Vs West Indies,Scotland,1,George Munsey ,66,53,9,0,124.52,not out 
Scotland Vs West Indies,Scotland,2,Michael Jones ,20,17,3,0,117.64, b Holder
Scotland Vs West Indies,Scotland,3,Matthew Cross †,3,5,0,0,60.00,c Brooks b Holder
Scotland Vs West Indies,Scotland,4,Richie Berrington (c),16,14,0,1,114.28,c Mayers b Joseph
Scotland Vs West Indies,Scotland,5,Calum MacLeod ,23,14,4,0,164.28,c King b Smith
Scotland Vs West Indies,Scotland,6,Michael Leask ,4,6,0,0,66.66, b Joseph
Scotland Vs West Indies,Scotland,7,Chris Greaves ,16,11,2,0,145.45,not out 
Scotland Vs West Indies,West Indies,1,Kyle Mayers ,20,13,3,1,153.84,c Munsey b Davey
Scotland Vs West Indies,West Indies,2,Evin Lewis ,14,13,1,1,107.69,c Jones b Wheal
Scotland Vs West Indies,West Indies,3,Brandon King ,17,15,3,0,113.33, b Watt
Scotland Vs West Indies,West Indies,4,Nicholas Pooran (c)†,5,9,0,0,55.55, b Leask
Scotland Vs West Indies,West Indies,5,Shamarh Brooks ,4,9,0,0,44.44,c Leask b Wheal
Scotland Vs West Indies,West Indies,6,Rovman Powell ,5,6,0,0,83.33,c MacLeod b Leask
Scotland Vs West Indies,West Indies,7,Jason Holder ,38,33,4,1,115.15,c Greaves b Sharif
Scotland Vs West Indies,West Indies,8,Akeal Hosein ,1,1,0,0,100.00,run out (†Cross/Leask)
Scotland Vs West Indies,West Indies,9,Alzarri Joseph ,0,1,0,0,0.00,c †Cross b Watt
Scotland Vs West Indies,West Indies,10,Odean Smith ,5,8,0,0,62.50,c Greaves b Watt
Scotland Vs West Indies,West Indies,11,Obed McCoy ,2,3,0,0,66.66,not out 
Zimbabwe Vs Ireland,Zimbabwe,1,Regis Chakabva †,0,2,0,0,0.00,c †Tucker b Little
Zimbabwe Vs Ireland,Zimbabwe,2,Craig Ervine (c),9,12,1,0,75.00,st †Tucker b Simi Singh
Zimbabwe Vs Ireland,Zimbabwe,3,Wessly Madhevere ,22,19,4,0,115.78,c Delany b Little
Zimbabwe Vs Ireland,Zimbabwe,4,Sean Williams ,12,11,0,1,109.09,c Tector b Simi Singh
Zimbabwe Vs Ireland,Zimbabwe,5,Sikandar Raza ,82,48,5,5,170.83, b Adair
Zimbabwe Vs Ireland,Zimbabwe,6,Milton Shumba ,16,14,1,0,114.28,c Little b Adair
Zimbabwe Vs Ireland,Zimbabwe,7,Ryan Burl ,1,4,0,0,25.00,c Adair b Little
Zimbabwe Vs Ireland,Zimbabwe,8,Luke Jongwe ,20,10,3,0,200.00,not out 
Zimbabwe Vs Ireland,Ireland,1,Paul Stirling ,0,2,0,0,0.00, b Ngarava
Zimbabwe Vs Ireland,Ireland,2,Andy Balbirnie (c),3,4,0,0,75.00,c Ervine b Muzarabani
Zimbabwe Vs Ireland,Ireland,3,Lorcan Tucker †,11,11,2,0,100.00, b Ngarava
Zimbabwe Vs Ireland,Ireland,4,Harry Tector ,1,4,0,0,25.00,c Ervine b Muzarabani
Zimbabwe Vs Ireland,Ireland,5,Curtis Campher ,27,22,1,0,122.72, b Williams
Zimbabwe Vs Ireland,Ireland,6,George Dockrell ,24,20,3,0,120.00, b Sikandar Raza
Zimbabwe Vs Ireland,Ireland,7,Gareth Delany ,24,20,1,1,120.00,c Shumba b Chatara
Zimbabwe Vs Ireland,Ireland,8,Mark Adair ,9,10,0,1,90.00,c Sikandar Raza b Muzarabani
Zimbabwe Vs Ireland,Ireland,9,Simi Singh ,0,1,0,0,0.00, b Chatara
Zimbabwe Vs Ireland,Ireland,10,Barry McCarthy ,22,16,1,2,137.50,not out 
Zimbabwe Vs Ireland,Ireland,11,Josh Little ,7,11,1,0,63.63,not out 
Namibia Vs Netherlands,Namibia,1,Michael van Lingen ,20,19,3,0,105.26,c de Leede b Ackermann
Namibia Vs Netherlands,Namibia,2,Divan la Cock ,0,2,0,0,0.00,c de Leede b Pringle
Namibia Vs Netherlands,Namibia,3,Stephan Baard ,19,22,0,0,86.36,c Klaassen b van der Merwe
Namibia Vs Netherlands,Namibia,4,Jan Nicol Loftie-Eaton ,0,2,0,0,0.00,c †Edwards b van Meekeren
Namibia Vs Netherlands,Namibia,5,Jan Frylinck ,43,48,1,1,89.58,c van Meekeren b de Leede
Namibia Vs Netherlands,Namibia,6,Gerhard Erasmus (c),16,18,0,0,88.88, b de Leede
Namibia Vs Netherlands,Namibia,7,David Wiese ,11,5,1,0,220.00,not out 
Namibia Vs Netherlands,Namibia,8,JJ Smit ,5,4,1,0,125.00,not out 
Namibia Vs Netherlands,Netherlands,1,Max O'Dowd ,35,35,1,1,100.00,run out (Erasmus)
Namibia Vs Netherlands,Netherlands,2,Vikramjit Singh ,39,31,3,2,125.80,c Loftie-Eaton b Scholtz
Namibia Vs Netherlands,Netherlands,3,Bas de Leede ,30,30,2,0,100.00,not out 
Namibia Vs Netherlands,Netherlands,4,Tom Cooper ,6,6,1,0,100.00,c van Lingen b Smit
Namibia Vs Netherlands,Netherlands,5,Colin Ackermann ,0,2,0,0,0.00,c Erasmus b Smit
Namibia Vs Netherlands,Netherlands,6,Scott Edwards (c)†,1,5,0,0,20.00,c Loftie-Eaton b Frylinck
Namibia Vs Netherlands,Netherlands,7,Tim Pringle ,8,9,0,0,88.88,not out 
Sri Lanka Vs United Arab Emirates,Sri Lanka,1,Pathum Nissanka ,74,60,6,2,123.33,c Basil Hameed b Zahoor Khan
Sri Lanka Vs United Arab Emirates,Sri Lanka,2,Kusal Mendis †,18,13,2,0,138.46,lbw b Aryan Lakra
Sri Lanka Vs United Arab Emirates,Sri Lanka,3,Dhananjaya de Silva ,33,21,3,1,157.14,run out (Muhammad Waseem/Aayan Afzal Khan)
Sri Lanka Vs United Arab Emirates,Sri Lanka,4,Bhanuka Rajapaksa ,5,8,0,0,62.50,c Kashif Daud b Meiyappan
Sri Lanka Vs United Arab Emirates,Sri Lanka,5,Charith Asalanka ,0,1,0,0,0.00,c †Aravind b Meiyappan
Sri Lanka Vs United Arab Emirates,Sri Lanka,6,Dasun Shanaka (c),0,1,0,0,0.00, b Meiyappan
Sri Lanka Vs United Arab Emirates,Sri Lanka,7,Wanindu Hasaranga de Silva ,2,3,0,0,66.66,c Basil Hameed b Aayan Afzal Khan
Sri Lanka Vs United Arab Emirates,Sri Lanka,8,Chamika Karunaratne ,8,11,1,0,72.72,c Kashif Daud b Zahoor Khan
Sri Lanka Vs United Arab Emirates,Sri Lanka,9,Pramod Madushan ,1,1,0,0,100.00,not out 
Sri Lanka Vs United Arab Emirates,Sri Lanka,10,Dushmantha Chameera ,1,1,0,0,100.00,not out 
Sri Lanka Vs United Arab Emirates,United Arab Emirates,1,Muhammad Waseem ,2,4,0,0,50.00, b Chameera
Sri Lanka Vs United Arab Emirates,United Arab Emirates,2,Chirag Suri ,14,19,3,0,73.68, b Pramod Madushan
Sri Lanka Vs United Arab Emirates,United Arab Emirates,3,Aryan Lakra ,1,3,0,0,33.33, b Chameera
Sri Lanka Vs United Arab Emirates,United Arab Emirates,4,Chundangapoyil Rizwan (c),1,3,0,0,33.33,c Rajapaksa b Chameera
Sri Lanka Vs United Arab Emirates,United Arab Emirates,5,Vriitya Aravind †,9,18,1,0,50.00,lbw b PWH de Silva
Sri Lanka Vs United Arab Emirates,United Arab Emirates,6,Basil Hameed ,2,6,0,0,33.33,c DM de Silva b Shanaka
Sri Lanka Vs United Arab Emirates,United Arab Emirates,7,Aayan Afzal Khan ,19,21,1,0,90.47, b PWH de Silva
Sri Lanka Vs United Arab Emirates,United Arab Emirates,8,Kashif Daud ,0,4,0,0,0.00,lbw b PWH de Silva
Sri Lanka Vs United Arab Emirates,United Arab Emirates,9,Karthik Meiyappan ,4,8,0,0,50.00,st †Mendis b Theekshana
Sri Lanka Vs United Arab Emirates,United Arab Emirates,10,Junaid Siddique ,18,16,1,1,112.50,c Nissanka b Theekshana
Sri Lanka Vs United Arab Emirates,United Arab Emirates,11,Zahoor Khan ,1,1,0,0,100.00,not out 
Scotland Vs Ireland,Scotland,1,George Munsey ,1,2,0,0,50.00,lbw b Adair
Scotland Vs Ireland,Scotland,2,Michael Jones ,86,55,6,4,156.36,c Adair b Little
Scotland Vs Ireland,Scotland,3,Matthew Cross †,28,21,5,0,133.33,c McCarthy b Campher
Scotland Vs Ireland,Scotland,4,Richie Berrington (c),37,27,3,1,137.03,c Dockrell b Campher
Scotland Vs Ireland,Scotland,5,Michael Leask ,17,13,2,0,130.76,not out 
Scotland Vs Ireland,Scotland,6,Calum MacLeod ,0,3,0,0,0.00,run out (†Tucker)
Scotland Vs Ireland,Ireland,1,Paul Stirling ,8,10,1,0,80.00,c †Cross b Sharif
Scotland Vs Ireland,Ireland,2,Andy Balbirnie (c),14,12,2,0,116.66,c Jones b Wheal
Scotland Vs Ireland,Ireland,3,Lorcan Tucker †,20,17,2,0,117.64,c Davey b Watt
Scotland Vs Ireland,Ireland,4,Harry Tector ,14,16,1,0,87.50,c Greaves b Leask
Scotland Vs Ireland,Ireland,5,Curtis Campher ,72,32,7,2,225.00,not out 
Scotland Vs Ireland,Ireland,6,George Dockrell ,39,27,4,1,144.44,not out 
West Indies Vs Zimbabwe,West Indies,1,Kyle Mayers ,13,12,2,0,108.33,c †Chakabva b Muzarabani
West Indies Vs Zimbabwe,West Indies,2,Johnson Charles ,45,36,3,2,125.00,run out (Munyonga/Williams)
West Indies Vs Zimbabwe,West Indies,3,Evin Lewis ,15,18,1,0,83.33,c Shumba b Sikandar Raza
West Indies Vs Zimbabwe,West Indies,4,Nicholas Pooran (c)†,7,9,0,0,77.77,c & b Williams
West Indies Vs Zimbabwe,West Indies,5,Rovman Powell ,28,21,1,2,133.33,c Ngarava b Muzarabani
West Indies Vs Zimbabwe,West Indies,6,Shamarh Brooks ,0,3,0,0,0.00,lbw b Sikandar Raza
West Indies Vs Zimbabwe,West Indies,7,Jason Holder ,4,3,0,0,133.33,c & b Sikandar Raza
West Indies Vs Zimbabwe,West Indies,8,Akeal Hosein ,23,18,2,0,127.77,not out 
West Indies Vs Zimbabwe,West Indies,9,Odean Smith ,1,2,0,0,50.00,not out 
West Indies Vs Zimbabwe,Zimbabwe,1,Wessly Madhevere ,27,19,3,1,142.10,c Lewis b Holder
West Indies Vs Zimbabwe,Zimbabwe,2,Regis Chakabva (c)†,13,9,3,0,144.44, b Joseph
West Indies Vs Zimbabwe,Zimbabwe,3,Tony Munyonga ,2,6,0,0,33.33, b Joseph
West Indies Vs Zimbabwe,Zimbabwe,4,Sean Williams ,1,2,0,0,50.00,c †Pooran b McCoy
West Indies Vs Zimbabwe,Zimbabwe,5,Sikandar Raza ,14,8,1,1,175.00,c Powell b Smith
West Indies Vs Zimbabwe,Zimbabwe,6,Milton Shumba ,2,9,0,0,22.22,c Brooks b Hosein
West Indies Vs Zimbabwe,Zimbabwe,7,Ryan Burl ,17,19,3,0,89.47,lbw b Holder
West Indies Vs Zimbabwe,Zimbabwe,8,Luke Jongwe ,29,22,3,1,131.81, b Joseph
West Indies Vs Zimbabwe,Zimbabwe,9,Richard Ngarava ,2,6,0,0,33.33, b Joseph
West Indies Vs Zimbabwe,Zimbabwe,10,Tendai Chatara ,3,8,0,0,37.50, b Holder
West Indies Vs Zimbabwe,Zimbabwe,11,Blessing Muzarabani ,1,4,0,0,25.00,not out 
Sri Lanka Vs Netherlands,Sri Lanka,1,Pathum Nissanka ,14,21,0,1,66.66, b van Meekeren
Sri Lanka Vs Netherlands,Sri Lanka,2,Kusal Mendis †,79,44,5,5,179.54,c sub (LV van Beek) b van der Gugten
Sri Lanka Vs Netherlands,Sri Lanka,3,Dhananjaya de Silva ,0,1,0,0,0.00,lbw b van Meekeren
Sri Lanka Vs Netherlands,Sri Lanka,4,Charith Asalanka ,31,30,3,0,103.33,c †Edwards b de Leede
Sri Lanka Vs Netherlands,Sri Lanka,5,Bhanuka Rajapaksa ,19,13,2,0,146.15,c Pringle b de Leede
Sri Lanka Vs Netherlands,Sri Lanka,6,Dasun Shanaka (c),8,5,0,1,160.00,c Ackermann b Klaassen
Sri Lanka Vs Netherlands,Sri Lanka,7,Wanindu Hasaranga de Silva ,5,4,0,0,125.00,not out 
Sri Lanka Vs Netherlands,Sri Lanka,8,Chamika Karunaratne ,2,2,0,0,100.00,not out 
Sri Lanka Vs Netherlands,Netherlands,1,Max O'Dowd ,71,53,6,3,133.96,not out 
Sri Lanka Vs Netherlands,Netherlands,2,Vikramjit Singh ,7,14,0,0,50.00,c Shanaka b Theekshana
Sri Lanka Vs Netherlands,Netherlands,3,Bas de Leede ,14,10,1,1,140.00,c †Mendis b Kumara
Sri Lanka Vs Netherlands,Netherlands,4,Colin Ackermann ,0,1,0,0,0.00,c & b PWH de Silva
Sri Lanka Vs Netherlands,Netherlands,5,Tom Cooper ,16,19,2,0,84.21, b Theekshana
Sri Lanka Vs Netherlands,Netherlands,6,Scott Edwards (c)†,21,15,3,0,140.00, b Fernando
Sri Lanka Vs Netherlands,Netherlands,7,Tim Pringle ,2,4,0,0,50.00,run out (DM de Silva)
Sri Lanka Vs Netherlands,Netherlands,8,Timm van der Gugten ,0,1,0,0,0.00, b PWH de Silva
Sri Lanka Vs Netherlands,Netherlands,9,Fred Klaassen ,3,3,0,0,100.00, b PWH de Silva
Sri Lanka Vs Netherlands,Netherlands,10,Paul van Meekeren ,0,0,0,0,-,run out (Shanaka)
Sri Lanka Vs Netherlands,Netherlands,11,Roelof van der Merwe ,0,1,0,0,0.00,not out 
United Arab Emirates Vs Namibia,United Arab Emirates,1,Muhammad Waseem ,50,41,1,3,121.95,c Trumpelmann b Shikongo
United Arab Emirates Vs Namibia,United Arab Emirates,2,Vriitya Aravind †,21,32,2,0,65.62,c van Lingen b Scholtz
United Arab Emirates Vs Namibia,United Arab Emirates,3,Chundangapoyil Rizwan (c),43,29,3,1,148.27,not out 
United Arab Emirates Vs Namibia,United Arab Emirates,4,Alishan Sharafu ,4,4,0,0,100.00,c †Green b Wiese
United Arab Emirates Vs Namibia,United Arab Emirates,5,Basil Hameed ,25,14,2,2,178.57,not out 
United Arab Emirates Vs Namibia,Namibia,1,Michael van Lingen ,10,8,1,0,125.00,c Sharafu b Basil Hameed
United Arab Emirates Vs Namibia,Namibia,2,Stephan Baard ,4,6,1,0,66.66,c Ahmed Raza b Junaid Siddique
United Arab Emirates Vs Namibia,Namibia,3,Jan Nicol Loftie-Eaton ,1,6,0,0,16.66,lbw b Basil Hameed
United Arab Emirates Vs Namibia,Namibia,4,Gerhard Erasmus (c),16,18,2,0,88.88, b Meiyappan
United Arab Emirates Vs Namibia,Namibia,5,Jan Frylinck ,14,17,1,0,82.35, b Zahoor Khan
United Arab Emirates Vs Namibia,Namibia,6,JJ Smit ,3,3,0,0,100.00,run out (Meiyappan/Ahmed Raza)
United Arab Emirates Vs Namibia,Namibia,7,David Wiese ,55,36,3,3,152.77,c Sharafu b Muhammad Waseem
United Arab Emirates Vs Namibia,Namibia,8,Zane Green †,2,3,0,0,66.66, b Zahoor Khan
United Arab Emirates Vs Namibia,Namibia,9,Ruben Trumpelmann ,25,24,1,1,104.16,not out 
United Arab Emirates Vs Namibia,Namibia,10,Bernard Scholtz ,1,1,0,0,100.00,not out 
West Indies Vs Ireland,West Indies,1,Kyle Mayers ,1,5,0,0,20.00,c Tector b McCarthy
West Indies Vs Ireland,West Indies,2,Johnson Charles ,24,18,3,1,133.33,c Campher b Simi Singh
West Indies Vs Ireland,West Indies,3,Evin Lewis ,13,18,0,0,72.22,c Adair b Delany
West Indies Vs Ireland,West Indies,4,Brandon King ,62,48,6,1,129.16,not out 
West Indies Vs Ireland,West Indies,5,Nicholas Pooran (c)†,13,11,0,1,118.18,c Tector b Delany
West Indies Vs Ireland,West Indies,6,Rovman Powell ,6,8,1,0,75.00,c Tector b Delany
West Indies Vs Ireland,West Indies,7,Odean Smith ,19,12,1,2,158.33,not out 
West Indies Vs Ireland,Ireland,1,Paul Stirling ,66,48,6,2,137.50,not out 
West Indies Vs Ireland,Ireland,2,Andy Balbirnie (c),37,23,3,3,160.86,c Mayers b Hosein
West Indies Vs Ireland,Ireland,3,Lorcan Tucker †,45,35,2,2,128.57,not out 
Scotland Vs Zimbabwe,Scotland,1,George Munsey ,54,51,7,0,105.88,c Shumba b Ngarava
Scotland Vs Zimbabwe,Scotland,2,Michael Jones ,4,5,1,0,80.00,c Sikandar Raza b Chatara
Scotland Vs Zimbabwe,Scotland,3,Matthew Cross †,1,7,0,0,14.28,c Madhevere b Ngarava
Scotland Vs Zimbabwe,Scotland,4,Richie Berrington (c),13,15,0,0,86.66,c Shumba b Sikandar Raza
Scotland Vs Zimbabwe,Scotland,5,Calum MacLeod ,25,26,1,0,96.15,c Jongwe b Chatara
Scotland Vs Zimbabwe,Scotland,6,Michael Leask ,12,9,2,0,133.33, b Muzarabani
Scotland Vs Zimbabwe,Scotland,7,Chris Greaves ,3,7,0,0,42.85,not out 
Scotland Vs Zimbabwe,Scotland,8,Josh Davey ,4,3,0,0,133.33,not out 
Scotland Vs Zimbabwe,Zimbabwe,1,Regis Chakabva †,4,3,1,0,133.33,lbw b Wheal
Scotland Vs Zimbabwe,Zimbabwe,2,Craig Ervine (c),58,54,6,0,107.40,c MacLeod b Watt
Scotland Vs Zimbabwe,Zimbabwe,3,Wessly Madhevere ,0,5,0,0,0.00, b Davey
Scotland Vs Zimbabwe,Zimbabwe,4,Sean Williams ,7,12,0,0,58.33,c Wheal b Leask
Scotland Vs Zimbabwe,Zimbabwe,5,Sikandar Raza ,40,23,3,2,173.91,c †Cross b Davey
Scotland Vs Zimbabwe,Zimbabwe,6,Milton Shumba ,11,11,0,0,100.00,not out 
Scotland Vs Zimbabwe,Zimbabwe,7,Ryan Burl ,9,5,1,0,180.00,not out 
New Zealand Vs Australia,New Zealand,1,Finn Allen ,42,16,5,3,262.50, b Hazlewood
New Zealand Vs Australia,New Zealand,2,Devon Conway †,92,58,7,2,158.62,not out 
New Zealand Vs Australia,New Zealand,3,Kane Williamson (c),23,23,1,1,100.00,lbw b Zampa
New Zealand Vs Australia,New Zealand,4,Glenn Phillips ,12,10,2,0,120.00,c & b Hazlewood
New Zealand Vs Australia,New Zealand,5,James Neesham ,26,13,0,2,200.00,not out 
New Zealand Vs Australia,Australia,1,David Warner ,5,6,1,0,83.33, b Southee
New Zealand Vs Australia,Australia,2,Aaron Finch (c),13,11,1,1,118.18,c Williamson b Santner
New Zealand Vs Australia,Australia,3,Mitchell Marsh ,16,12,2,1,133.33,c Neesham b Southee
New Zealand Vs Australia,Australia,4,Glenn Maxwell ,28,20,3,1,140.00, b Sodhi
New Zealand Vs Australia,Australia,5,Marcus Stoinis ,7,14,0,0,50.00,c Phillips b Santner
New Zealand Vs Australia,Australia,6,Tim David ,11,8,0,1,137.50,c Neesham b Santner
New Zealand Vs Australia,Australia,7,Matthew Wade †,2,4,0,0,50.00,c †Conway b Ferguson
New Zealand Vs Australia,Australia,8,Pat Cummins ,21,18,2,1,116.66,c †Conway b Southee
New Zealand Vs Australia,Australia,9,Mitchell Starc ,4,7,0,0,57.14, b Boult
New Zealand Vs Australia,Australia,10,Adam Zampa ,0,2,0,0,0.00, b Boult
New Zealand Vs Australia,Australia,11,Josh Hazlewood ,1,1,0,0,100.00,not out 
Afghanistan Vs England,Afghanistan,1,Hazratullah Zazai ,7,17,1,0,41.17,c Livingstone b Stokes
Afghanistan Vs England,Afghanistan,2,Rahmanullah Gurbaz †,10,9,0,1,111.11,c †Buttler b Wood
Afghanistan Vs England,Afghanistan,3,Ibrahim Zadran ,32,32,3,1,100.00,c Ali b Curran
Afghanistan Vs England,Afghanistan,4,Usman Ghani ,30,30,3,0,100.00,c Livingstone b Curran
Afghanistan Vs England,Afghanistan,5,Najibullah Zadran ,13,11,0,1,118.18,c Rashid b Stokes
Afghanistan Vs England,Afghanistan,6,Mohammad Nabi (c),3,5,0,0,60.00,c †Buttler b Wood
Afghanistan Vs England,Afghanistan,7,Azmatullah Omarzai ,8,6,1,0,133.33,c Stokes b Curran
Afghanistan Vs England,Afghanistan,8,Rashid Khan ,0,1,0,0,0.00,c Hales b Curran
Afghanistan Vs England,Afghanistan,9,Mujeeb Ur Rahman ,0,1,0,0,0.00,c & b Woakes
Afghanistan Vs England,Afghanistan,10,Fareed Ahmad ,2,4,0,0,50.00,not out 
Afghanistan Vs England,Afghanistan,11,Fazalhaq Farooqi ,0,2,0,0,0.00,c Malan b Curran
Afghanistan Vs England,England,1,Jos Buttler (c)†,18,18,3,0,100.00,c Mujeeb Ur Rahman b Fazalhaq Farooqi
Afghanistan Vs England,England,2,Alex Hales ,19,20,0,1,95.00,c Fazalhaq Farooqi b Fareed Ahmad
Afghanistan Vs England,England,3,Dawid Malan ,18,30,0,0,60.00,c Mohammad Nabi b Mujeeb Ur Rahman
Afghanistan Vs England,England,4,Ben Stokes ,2,4,0,0,50.00, b Mohammad Nabi
Afghanistan Vs England,England,5,Liam Livingstone ,29,21,3,0,138.09,not out 
Afghanistan Vs England,England,6,Harry Brook ,7,6,0,0,116.66,c Ibrahim Zadran b Rashid Khan
Afghanistan Vs England,England,7,Moeen Ali ,8,10,0,0,80.00,not out 
Ireland Vs Sri Lanka,Ireland,1,Paul Stirling ,34,25,4,1,136.00,c Rajapaksa b DM de Silva
Ireland Vs Sri Lanka,Ireland,2,Andy Balbirnie (c),1,5,0,0,20.00, b Kumara
Ireland Vs Sri Lanka,Ireland,3,Lorcan Tucker †,10,11,1,0,90.90, b Theekshana
Ireland Vs Sri Lanka,Ireland,4,Harry Tector ,45,42,2,1,107.14,c Shanaka b Fernando
Ireland Vs Sri Lanka,Ireland,5,Curtis Campher ,2,4,0,0,50.00,c Asalanka b Karunaratne
Ireland Vs Sri Lanka,Ireland,6,George Dockrell ,14,16,0,0,87.50, b Theekshana
Ireland Vs Sri Lanka,Ireland,7,Gareth Delany ,9,6,1,0,150.00,c Karunaratne b PWH de Silva
Ireland Vs Sri Lanka,Ireland,8,Mark Adair ,0,1,0,0,0.00,c Karunaratne b PWH de Silva
Ireland Vs Sri Lanka,Ireland,9,Simi Singh ,7,8,1,0,87.50,not out 
Ireland Vs Sri Lanka,Ireland,10,Barry McCarthy ,2,2,0,0,100.00,not out 
Ireland Vs Sri Lanka,Sri Lanka,1,Kusal Mendis †,68,43,5,3,158.13,not out 
Ireland Vs Sri Lanka,Sri Lanka,2,Dhananjaya de Silva ,31,25,2,1,124.00,c †Tucker b Delany
Ireland Vs Sri Lanka,Sri Lanka,3,Charith Asalanka ,31,22,2,0,140.90,not out 
Pakistan Vs India,Pakistan,1,Mohammad Rizwan †,4,12,1,0,33.33,c Kumar b Arshdeep Singh
Pakistan Vs India,Pakistan,2,Babar Azam (c),0,1,0,0,0.00,lbw b Arshdeep Singh
Pakistan Vs India,Pakistan,3,Shan Masood ,52,42,5,0,123.80,not out 
Pakistan Vs India,Pakistan,4,Iftikhar Ahmed ,51,34,2,4,150.00,lbw b Mohammed Shami
Pakistan Vs India,Pakistan,5,Shadab Khan ,5,6,1,0,83.33,c Yadav b Pandya
Pakistan Vs India,Pakistan,6,Haider Ali ,2,4,0,0,50.00,c Yadav b Pandya
Pakistan Vs India,Pakistan,7,Mohammad Nawaz ,9,6,2,0,150.00,c †Karthik b Pandya
Pakistan Vs India,Pakistan,8,Asif Ali ,2,3,0,0,66.66,c †Karthik b Arshdeep Singh
Pakistan Vs India,Pakistan,9,Shaheen Shah Afridi ,16,8,1,1,200.00,c & b Kumar
Pakistan Vs India,Pakistan,10,Haris Rauf ,6,4,0,1,150.00,not out 
Pakistan Vs India,India,1,KL Rahul ,4,8,0,0,50.00, b Naseem Shah
Pakistan Vs India,India,2,Rohit Sharma (c),4,7,0,0,57.14,c Iftikhar Ahmed b Haris Rauf
Pakistan Vs India,India,3,Virat Kohli ,82,53,6,4,154.71,not out 
Pakistan Vs India,India,4,Suryakumar Yadav ,15,10,2,0,150.00,c †Mohammad Rizwan b Haris Rauf
Pakistan Vs India,India,5,Axar Patel ,2,3,0,0,66.66,run out (Babar Azam/†Mohammad Rizwan)
Pakistan Vs India,India,6,Hardik Pandya ,40,37,1,2,108.10,c Babar Azam b Mohammad Nawaz
Pakistan Vs India,India,7,Dinesh Karthik †,1,2,0,0,50.00,st †Mohammad Rizwan b Mohammad Nawaz
Pakistan Vs India,India,8,Ravichandran Ashwin ,1,1,0,0,100.00,not out 
Bangladesh Vs Netherlands,Bangladesh,1,Najmul Hossain Shanto ,25,20,4,0,125.00,c van Beek b Pringle
Bangladesh Vs Netherlands,Bangladesh,2,Soumya Sarkar ,14,14,2,0,100.00,c de Leede b van Meekeren
Bangladesh Vs Netherlands,Bangladesh,3,Litton Das ,9,11,0,0,81.81,c Cooper b van Beek
Bangladesh Vs Netherlands,Bangladesh,4,Shakib Al Hasan (c),7,9,0,0,77.77,c de Leede b Shariz Ahmad
Bangladesh Vs Netherlands,Bangladesh,5,Afif Hossain ,38,27,2,2,140.74,c †Edwards b de Leede
Bangladesh Vs Netherlands,Bangladesh,6,Yasir Ali ,3,5,0,0,60.00, b van Meekeren
Bangladesh Vs Netherlands,Bangladesh,7,Nurul Hasan †,13,18,0,0,72.22,c van Meekeren b de Leede
Bangladesh Vs Netherlands,Bangladesh,8,Mosaddek Hossain ,20,12,2,1,166.66,not out 
Bangladesh Vs Netherlands,Bangladesh,9,Taskin Ahmed ,0,1,0,0,0.00,c van Beek b Klaassen
Bangladesh Vs Netherlands,Bangladesh,10,Hasan Mahmud ,0,3,0,0,0.00,not out 
Bangladesh Vs Netherlands,Netherlands,1,Vikramjit Singh ,0,1,0,0,0.00,c Yasir Ali b Taskin Ahmed
Bangladesh Vs Netherlands,Netherlands,2,Max O'Dowd ,8,8,0,1,100.00,run out (Afif Hossain/Shakib Al Hasan)
Bangladesh Vs Netherlands,Netherlands,3,Bas de Leede ,0,1,0,0,0.00,c †Nurul Hasan b Taskin Ahmed
Bangladesh Vs Netherlands,Netherlands,4,Colin Ackermann ,62,48,6,2,129.16,c Mosaddek Hossain b Taskin Ahmed
Bangladesh Vs Netherlands,Netherlands,5,Tom Cooper ,0,0,0,0,-,run out (Najmul Hossain Shanto/†Nurul Hasan)
Bangladesh Vs Netherlands,Netherlands,6,Scott Edwards (c)†,16,24,1,0,66.66,c Hasan Mahmud b Shakib Al Hasan
Bangladesh Vs Netherlands,Netherlands,7,Tim Pringle ,1,6,0,0,16.66, b Hasan Mahmud
Bangladesh Vs Netherlands,Netherlands,8,Logan van Beek ,2,5,0,0,40.00,c Taskin Ahmed b Hasan Mahmud
Bangladesh Vs Netherlands,Netherlands,9,Shariz Ahmad ,9,8,1,0,112.50,c Hasan Mahmud b Taskin Ahmed
Bangladesh Vs Netherlands,Netherlands,10,Fred Klaassen ,7,6,0,0,116.66,not out 
Bangladesh Vs Netherlands,Netherlands,11,Paul van Meekeren ,24,14,3,1,171.42,c Litton Das b Soumya Sarkar
Sri Lanka Vs Australia,Sri Lanka,1,Pathum Nissanka ,40,45,2,0,88.88,run out (Marsh/†Wade)
Sri Lanka Vs Australia,Sri Lanka,2,Kusal Mendis †,5,6,1,0,83.33,c Marsh b Cummins
Sri Lanka Vs Australia,Sri Lanka,3,Dhananjaya de Silva ,26,23,3,0,113.04,c Warner b Agar
Sri Lanka Vs Australia,Sri Lanka,4,Charith Asalanka ,38,25,3,2,152.00,not out 
Sri Lanka Vs Australia,Sri Lanka,5,Bhanuka Rajapaksa ,7,5,1,0,140.00,c Cummins b Starc
Sri Lanka Vs Australia,Sri Lanka,6,Dasun Shanaka (c),3,5,0,0,60.00,c †Wade b Maxwell
Sri Lanka Vs Australia,Sri Lanka,7,Wanindu Hasaranga de Silva ,1,4,0,0,25.00,c †Wade b Hazlewood
Sri Lanka Vs Australia,Sri Lanka,8,Chamika Karunaratne ,14,7,2,0,200.00,not out 
Sri Lanka Vs Australia,Australia,1,David Warner ,11,10,0,0,110.00,c Shanaka b Theekshana
Sri Lanka Vs Australia,Australia,2,Aaron Finch (c),31,42,0,1,73.80,not out 
Sri Lanka Vs Australia,Australia,3,Mitchell Marsh ,17,17,1,1,100.00,c Rajapaksa b DM de Silva
Sri Lanka Vs Australia,Australia,4,Glenn Maxwell ,23,12,2,2,191.66,c sub (KNA Bandara) b Karunaratne
Sri Lanka Vs Australia,Australia,5,Marcus Stoinis ,59,18,4,6,327.77,not out 
Ireland Vs England,Ireland,1,Paul Stirling ,14,8,1,1,175.00,c Curran b Wood
Ireland Vs England,Ireland,2,Andy Balbirnie (c),62,47,5,2,131.91,c Hales b Livingstone
Ireland Vs England,Ireland,3,Lorcan Tucker †,34,27,3,1,125.92,run out (Rashid)
Ireland Vs England,Ireland,4,Harry Tector ,0,2,0,0,0.00,c †Buttler b Wood
Ireland Vs England,Ireland,5,Curtis Campher ,18,11,3,0,163.63,c †Buttler b Wood
Ireland Vs England,Ireland,6,George Dockrell ,0,1,0,0,0.00, b Livingstone
Ireland Vs England,Ireland,7,Gareth Delany ,12,10,1,0,120.00,not out 
Ireland Vs England,Ireland,8,Mark Adair ,4,4,0,0,100.00,c Curran b Livingstone
Ireland Vs England,Ireland,9,Barry McCarthy ,3,3,0,0,100.00, b Curran
Ireland Vs England,Ireland,10,Fionn Hand ,1,2,0,0,50.00, b Curran
Ireland Vs England,Ireland,11,Josh Little ,0,1,0,0,0.00,c †Buttler b Stokes
Ireland Vs England,England,1,Jos Buttler (c)†,0,2,0,0,0.00,c †Tucker b Little
Ireland Vs England,England,2,Alex Hales ,7,5,1,0,140.00,c Adair b Little
Ireland Vs England,England,3,Dawid Malan ,35,37,2,0,94.59,c Hand b McCarthy
Ireland Vs England,England,4,Ben Stokes ,6,8,0,0,75.00, b Hand
Ireland Vs England,England,5,Harry Brook ,18,21,1,0,85.71,c Delany b Dockrell
Ireland Vs England,England,6,Moeen Ali ,24,12,3,1,200.00,not out 
Ireland Vs England,England,7,Liam Livingstone ,1,2,0,0,50.00,not out 
South Africa Vs Bangladesh,South Africa,1,Temba Bavuma (c),2,6,0,0,33.33,c †Nurul Hasan b Taskin Ahmed
South Africa Vs Bangladesh,South Africa,2,Quinton de Kock †,63,38,7,3,165.78,c Soumya Sarkar b Afif Hossain
South Africa Vs Bangladesh,South Africa,3,Rilee Rossouw ,109,56,7,8,194.64,c Litton Das b Shakib Al Hasan
South Africa Vs Bangladesh,South Africa,4,Tristan Stubbs ,7,7,1,0,100.00,c Litton Das b Shakib Al Hasan
South Africa Vs Bangladesh,South Africa,5,Aiden Markram ,10,11,1,0,90.90,c Soumya Sarkar b Hasan Mahmud
South Africa Vs Bangladesh,South Africa,6,David Miller ,2,4,0,0,50.00,not out 
South Africa Vs Bangladesh,South Africa,7,Wayne Parnell ,0,2,0,0,0.00,not out 
South Africa Vs Bangladesh,Bangladesh,1,Najmul Hossain Shanto ,9,9,1,0,100.00, b Nortje
South Africa Vs Bangladesh,Bangladesh,2,Soumya Sarkar ,15,6,0,2,250.00,c †de Kock b Nortje
South Africa Vs Bangladesh,Bangladesh,3,Litton Das ,34,31,1,1,109.67,c Stubbs b Shamsi
South Africa Vs Bangladesh,Bangladesh,4,Shakib Al Hasan (c),1,4,0,0,25.00,lbw b Nortje
South Africa Vs Bangladesh,Bangladesh,5,Afif Hossain ,1,5,0,0,20.00,c Parnell b Rabada
South Africa Vs Bangladesh,Bangladesh,6,Mehidy Hasan Miraz ,11,13,0,0,84.61,c Markram b Shamsi
South Africa Vs Bangladesh,Bangladesh,7,Mosaddek Hossain ,0,3,0,0,0.00,st †de Kock b Maharaj
South Africa Vs Bangladesh,Bangladesh,8,Nurul Hasan †,2,6,0,0,33.33,c Nortje b Shamsi
South Africa Vs Bangladesh,Bangladesh,9,Taskin Ahmed ,10,17,1,0,58.82, b Nortje
South Africa Vs Bangladesh,Bangladesh,10,Hasan Mahmud ,0,2,0,0,0.00,run out (Rabada)
South Africa Vs Bangladesh,Bangladesh,11,Mustafizur Rahman ,9,3,0,1,300.00,not out 
India Vs Netherlands,India,1,KL Rahul ,9,12,1,0,75.00,lbw b van Meekeren
India Vs Netherlands,India,2,Rohit Sharma (c),53,39,4,3,135.89,c Ackermann b Klaassen
India Vs Netherlands,India,3,Virat Kohli ,62,44,3,2,140.90,not out 
India Vs Netherlands,India,4,Suryakumar Yadav ,51,25,7,1,204.00,not out 
India Vs Netherlands,Netherlands,1,Vikramjit Singh ,1,9,0,0,11.11, b Kumar
India Vs Netherlands,Netherlands,2,Max O'Dowd ,16,10,3,0,160.00, b Patel
India Vs Netherlands,Netherlands,3,Bas de Leede ,16,23,0,0,69.56,c Pandya b Patel
India Vs Netherlands,Netherlands,4,Colin Ackermann ,17,21,1,0,80.95,c Patel b Ashwin
India Vs Netherlands,Netherlands,5,Tom Cooper ,9,12,0,0,75.00,c sub (DJ Hooda) b Ashwin
India Vs Netherlands,Netherlands,6,Scott Edwards (c)†,5,8,0,0,62.50,c sub (DJ Hooda) b Kumar
India Vs Netherlands,Netherlands,7,Tim Pringle ,20,15,1,1,133.33,c Kohli b Mohammed Shami
India Vs Netherlands,Netherlands,8,Logan van Beek ,3,5,0,0,60.00,c †Karthik b Arshdeep Singh
India Vs Netherlands,Netherlands,9,Shariz Ahmad ,16,11,2,0,145.45,not out 
India Vs Netherlands,Netherlands,10,Fred Klaassen ,0,1,0,0,0.00,lbw b Arshdeep Singh
India Vs Netherlands,Netherlands,11,Paul van Meekeren ,14,6,3,0,233.33,not out 
Zimbabwe Vs Pakistan,Zimbabwe,1,Wessly Madhevere ,17,13,3,0,130.76,lbw b Mohammad Wasim
Zimbabwe Vs Pakistan,Zimbabwe,2,Craig Ervine (c),19,19,2,0,100.00,c Mohammad Wasim b Haris Rauf
Zimbabwe Vs Pakistan,Zimbabwe,3,Milton Shumba ,8,10,1,0,80.00,c & b Shadab Khan
Zimbabwe Vs Pakistan,Zimbabwe,4,Sean Williams ,31,28,3,0,110.71, b Shadab Khan
Zimbabwe Vs Pakistan,Zimbabwe,5,Sikandar Raza ,9,16,1,0,56.25,c Haris Rauf b Mohammad Wasim
Zimbabwe Vs Pakistan,Zimbabwe,6,Regis Chakabva †,0,1,0,0,0.00,c Babar Azam b Shadab Khan
Zimbabwe Vs Pakistan,Zimbabwe,7,Ryan Burl ,10,15,0,0,66.66,not out 
Zimbabwe Vs Pakistan,Zimbabwe,8,Luke Jongwe ,0,1,0,0,0.00, b Mohammad Wasim
Zimbabwe Vs Pakistan,Zimbabwe,9,Brad Evans ,19,15,0,1,126.66, b Mohammad Wasim
Zimbabwe Vs Pakistan,Zimbabwe,10,Richard Ngarava ,3,2,0,0,150.00,not out 
Zimbabwe Vs Pakistan,Pakistan,1,Mohammad Rizwan †,14,16,1,1,87.50, b Muzarabani
Zimbabwe Vs Pakistan,Pakistan,2,Babar Azam (c),4,9,1,0,44.44,c Burl b Evans
Zimbabwe Vs Pakistan,Pakistan,3,Shan Masood ,44,38,3,0,115.78,st †Chakabva b Sikandar Raza
Zimbabwe Vs Pakistan,Pakistan,4,Iftikhar Ahmed ,5,10,1,0,50.00,c †Chakabva b Jongwe
Zimbabwe Vs Pakistan,Pakistan,5,Shadab Khan ,17,14,0,1,121.42,c Williams b Sikandar Raza
Zimbabwe Vs Pakistan,Pakistan,6,Haider Ali ,0,1,0,0,0.00,lbw b Sikandar Raza
Zimbabwe Vs Pakistan,Pakistan,7,Mohammad Nawaz ,22,18,1,1,122.22,c Ervine b Evans
Zimbabwe Vs Pakistan,Pakistan,8,Mohammad Wasim ,12,13,2,0,92.30,not out 
Zimbabwe Vs Pakistan,Pakistan,9,Shaheen Shah Afridi ,1,1,0,0,100.00,run out (Sikandar Raza/†Chakabva)
New Zealand Vs Sri Lanka,New Zealand,1,Finn Allen ,1,3,0,0,33.33, b Theekshana
New Zealand Vs Sri Lanka,New Zealand,2,Devon Conway †,1,4,0,0,25.00, b DM de Silva
New Zealand Vs Sri Lanka,New Zealand,3,Kane Williamson (c),8,13,1,0,61.53,c †Mendis b Rajitha
New Zealand Vs Sri Lanka,New Zealand,4,Glenn Phillips ,104,64,10,4,162.50,c Shanaka b Kumara
New Zealand Vs Sri Lanka,New Zealand,5,Daryl Mitchell ,22,24,0,0,91.66, b PWH de Silva
New Zealand Vs Sri Lanka,New Zealand,6,James Neesham ,5,8,0,0,62.50,c Shanaka b Rajitha
New Zealand Vs Sri Lanka,New Zealand,7,Mitchell Santner ,11,5,0,1,220.00,not out 
New Zealand Vs Sri Lanka,New Zealand,8,Ish Sodhi ,1,1,0,0,100.00,run out (sub [KNA Bandara]/†Mendis)
New Zealand Vs Sri Lanka,New Zealand,9,Tim Southee ,4,1,1,0,400.00,not out 
New Zealand Vs Sri Lanka,Sri Lanka,1,Pathum Nissanka ,0,5,0,0,0.00,lbw b Southee
New Zealand Vs Sri Lanka,Sri Lanka,2,Kusal Mendis †,4,3,1,0,133.33,c †Conway b Boult
New Zealand Vs Sri Lanka,Sri Lanka,3,Dhananjaya de Silva ,0,3,0,0,0.00, b Boult
New Zealand Vs Sri Lanka,Sri Lanka,4,Charith Asalanka ,4,8,0,0,50.00,c Allen b Boult
New Zealand Vs Sri Lanka,Sri Lanka,5,Bhanuka Rajapaksa ,34,22,3,2,154.54,c Williamson b Ferguson
New Zealand Vs Sri Lanka,Sri Lanka,6,Chamika Karunaratne ,3,8,0,0,37.50,c Boult b Santner
New Zealand Vs Sri Lanka,Sri Lanka,7,Dasun Shanaka (c),35,32,4,1,109.37,c Mitchell b Boult
New Zealand Vs Sri Lanka,Sri Lanka,8,Wanindu Hasaranga de Silva ,4,6,1,0,66.66,c Williamson b Sodhi
New Zealand Vs Sri Lanka,Sri Lanka,9,Maheesh Theekshana ,0,3,0,0,0.00,c Neesham b Santner
New Zealand Vs Sri Lanka,Sri Lanka,10,Kasun Rajitha ,8,21,0,0,38.09,not out 
New Zealand Vs Sri Lanka,Sri Lanka,11,Lahiru Kumara ,4,5,1,0,80.00,st †Conway b Sodhi
Bangladesh Vs Zimbabwe,Bangladesh,1,Najmul Hossain Shanto ,71,55,7,1,129.09,c Ervine b Sikandar Raza
Bangladesh Vs Zimbabwe,Bangladesh,2,Soumya Sarkar ,0,2,0,0,0.00,c †Chakabva b Muzarabani
Bangladesh Vs Zimbabwe,Bangladesh,3,Litton Das ,14,12,3,0,116.66,c Chatara b Muzarabani
Bangladesh Vs Zimbabwe,Bangladesh,4,Shakib Al Hasan (c),23,20,1,0,115.00,c Muzarabani b Williams
Bangladesh Vs Zimbabwe,Bangladesh,5,Afif Hossain ,29,19,1,1,152.63,lbw b Ngarava
Bangladesh Vs Zimbabwe,Bangladesh,6,Mosaddek Hossain ,7,10,0,0,70.00,c Chatara b Ngarava
Bangladesh Vs Zimbabwe,Bangladesh,7,Nurul Hasan †,1,1,0,0,100.00,run out (Williams/†Chakabva)
Bangladesh Vs Zimbabwe,Bangladesh,8,Yasir Ali ,1,1,0,0,100.00,not out 
Bangladesh Vs Zimbabwe,Zimbabwe,1,Wessly Madhevere ,4,3,1,0,133.33,c Mustafizur Rahman b Taskin Ahmed
Bangladesh Vs Zimbabwe,Zimbabwe,2,Craig Ervine (c),8,7,2,0,114.28,c †Nurul Hasan b Taskin Ahmed
Bangladesh Vs Zimbabwe,Zimbabwe,3,Milton Shumba ,8,15,1,0,53.33,c Shakib Al Hasan b Mustafizur Rahman
Bangladesh Vs Zimbabwe,Zimbabwe,4,Sean Williams ,64,42,8,0,152.38,run out (Shakib Al Hasan)
Bangladesh Vs Zimbabwe,Zimbabwe,5,Sikandar Raza ,0,3,0,0,0.00,c Afif Hossain b Mustafizur Rahman
Bangladesh Vs Zimbabwe,Zimbabwe,6,Regis Chakabva †,15,19,0,0,78.94,c †Nurul Hasan b Taskin Ahmed
Bangladesh Vs Zimbabwe,Zimbabwe,7,Ryan Burl ,27,25,2,1,108.00,not out 
Bangladesh Vs Zimbabwe,Zimbabwe,8,Brad Evans ,2,2,0,0,100.00,c Afif Hossain b Mosaddek Hossain
Bangladesh Vs Zimbabwe,Zimbabwe,9,Richard Ngarava ,6,3,0,1,200.00,st †Nurul Hasan b Mosaddek Hossain
Bangladesh Vs Zimbabwe,Zimbabwe,10,Blessing Muzarabani ,0,2,0,0,0.00,not out 
Netherlands Vs Pakistan,Netherlands,1,Stephan Myburgh ,6,11,1,0,54.54,c Mohammad Wasim b Shaheen Shah Afridi
Netherlands Vs Pakistan,Netherlands,2,Max O'Dowd ,8,13,0,0,61.53,lbw b Shadab Khan
Netherlands Vs Pakistan,Netherlands,3,Bas de Leede ,6,16,1,0,37.50,retired hurt 
Netherlands Vs Pakistan,Netherlands,4,Tom Cooper ,1,2,0,0,50.00,c Mohammad Wasim b Shadab Khan
Netherlands Vs Pakistan,Netherlands,5,Colin Ackermann ,27,27,2,0,100.00,lbw b Shadab Khan
Netherlands Vs Pakistan,Netherlands,6,Scott Edwards (c)†,15,20,1,0,75.00,c Iftikhar Ahmed b Naseem Shah
Netherlands Vs Pakistan,Netherlands,7,Roelof van der Merwe ,5,6,0,0,83.33, b Haris Rauf
Netherlands Vs Pakistan,Netherlands,8,Tim Pringle ,5,8,0,0,62.50, b Mohammad Wasim
Netherlands Vs Pakistan,Netherlands,9,Logan van Beek ,6,9,0,0,66.66,not out 
Netherlands Vs Pakistan,Netherlands,10,Fred Klaassen ,0,1,0,0,0.00, b Mohammad Wasim
Netherlands Vs Pakistan,Netherlands,11,Paul van Meekeren ,7,7,0,0,100.00,run out (Shadab Khan/†Mohammad Rizwan)
Netherlands Vs Pakistan,Pakistan,1,Mohammad Rizwan †,49,39,5,0,125.64,c †Edwards b van Meekeren
Netherlands Vs Pakistan,Pakistan,2,Babar Azam (c),4,5,1,0,80.00,run out (van der Merwe)
Netherlands Vs Pakistan,Pakistan,3,Fakhar Zaman ,20,16,3,0,125.00,c †Edwards b Glover
Netherlands Vs Pakistan,Pakistan,4,Shan Masood ,12,16,0,0,75.00,c van Meekeren b Glover
Netherlands Vs Pakistan,Pakistan,5,Iftikhar Ahmed ,6,5,0,0,120.00,not out 
Netherlands Vs Pakistan,Pakistan,6,Shadab Khan ,4,2,1,0,200.00,not out 
India Vs South Africa,India,1,KL Rahul ,9,14,0,1,64.28,c Markram b Ngidi
India Vs South Africa,India,2,Rohit Sharma (c),15,14,1,1,107.14,c & b Ngidi
India Vs South Africa,India,3,Virat Kohli ,12,11,2,0,109.09,c Rabada b Ngidi
India Vs South Africa,India,4,Suryakumar Yadav ,68,40,6,3,170.00,c Maharaj b Parnell
India Vs South Africa,India,5,Deepak Hooda ,0,3,0,0,0.00,c †de Kock b Nortje
India Vs South Africa,India,6,Hardik Pandya ,2,3,0,0,66.66,c Rabada b Ngidi
India Vs South Africa,India,7,Dinesh Karthik †,6,15,0,0,40.00,c Rossouw b Parnell
India Vs South Africa,India,8,Ravichandran Ashwin ,7,11,0,0,63.63,c Rabada b Parnell
India Vs South Africa,India,9,Bhuvneshwar Kumar ,4,6,0,0,66.66,not out 
India Vs South Africa,India,10,Mohammed Shami ,0,2,0,0,0.00,run out (Nortje)
India Vs South Africa,India,11,Arshdeep Singh ,2,1,0,0,200.00,not out 
India Vs South Africa,South Africa,1,Quinton de Kock †,1,3,0,0,33.33,c Rahul b Arshdeep Singh
India Vs South Africa,South Africa,2,Temba Bavuma (c),10,15,0,1,66.66,c †Karthik b Mohammed Shami
India Vs South Africa,South Africa,3,Rilee Rossouw ,0,2,0,0,0.00,lbw b Arshdeep Singh
India Vs South Africa,South Africa,4,Aiden Markram ,52,41,6,1,126.82,c Yadav b Pandya
India Vs South Africa,South Africa,5,David Miller ,59,46,4,3,128.26,not out 
India Vs South Africa,South Africa,6,Tristan Stubbs ,6,6,1,0,100.00,lbw b Ashwin
India Vs South Africa,South Africa,7,Wayne Parnell ,2,5,0,0,40.00,not out 
Australia Vs Ireland,Australia,1,David Warner ,3,7,0,0,42.85,c Adair b McCarthy
Australia Vs Ireland,Australia,2,Aaron Finch (c),63,44,5,3,143.18,c Adair b McCarthy
Australia Vs Ireland,Australia,3,Mitchell Marsh ,28,22,2,2,127.27,c †Tucker b McCarthy
Australia Vs Ireland,Australia,4,Glenn Maxwell ,13,9,0,1,144.44,c †Tucker b Little
Australia Vs Ireland,Australia,5,Marcus Stoinis ,35,25,3,1,140.00,c Dockrell b Little
Australia Vs Ireland,Australia,6,Tim David ,15,10,2,0,150.00,not out 
Australia Vs Ireland,Australia,7,Matthew Wade †,7,3,1,0,233.33,not out 
Australia Vs Ireland,Ireland,1,Paul Stirling ,11,7,1,1,157.14,c Cummins b Maxwell
Australia Vs Ireland,Ireland,2,Andy Balbirnie (c),6,7,0,1,85.71, b Cummins
Australia Vs Ireland,Ireland,3,Lorcan Tucker †,71,48,9,1,147.91,not out 
Australia Vs Ireland,Ireland,4,Harry Tector ,6,4,1,0,150.00,c sub (SPD Smith) b Maxwell
Australia Vs Ireland,Ireland,5,Curtis Campher ,0,1,0,0,0.00, b Starc
Australia Vs Ireland,Ireland,6,George Dockrell ,0,4,0,0,0.00, b Starc
Australia Vs Ireland,Ireland,7,Gareth Delany ,14,10,2,0,140.00,c Maxwell b Stoinis
Australia Vs Ireland,Ireland,8,Mark Adair ,11,11,1,0,100.00,st †Wade b Zampa
Australia Vs Ireland,Ireland,9,Fionn Hand ,6,6,1,0,100.00, b Zampa
Australia Vs Ireland,Ireland,10,Barry McCarthy ,3,7,0,0,42.85,c sub (SPD Smith) b Cummins
Australia Vs Ireland,Ireland,11,Josh Little ,1,5,0,0,20.00,run out (Marsh/Maxwell)
Afghanistan Vs Sri Lanka,Afghanistan,1,Rahmanullah Gurbaz †,28,24,2,2,116.66, b Kumara
Afghanistan Vs Sri Lanka,Afghanistan,2,Usman Ghani ,27,27,2,1,100.00,c Shanaka b PWH de Silva
Afghanistan Vs Sri Lanka,Afghanistan,3,Ibrahim Zadran ,22,18,1,1,122.22,c Rajapaksa b Kumara
Afghanistan Vs Sri Lanka,Afghanistan,4,Najibullah Zadran ,18,16,1,0,112.50,c PWH de Silva b DM de Silva
Afghanistan Vs Sri Lanka,Afghanistan,5,Gulbadin Naib ,12,14,0,0,85.71,run out (Nissanka/†Mendis)
Afghanistan Vs Sri Lanka,Afghanistan,6,Mohammad Nabi (c),13,8,1,0,162.50,c Shanaka b Rajitha
Afghanistan Vs Sri Lanka,Afghanistan,7,Rashid Khan ,9,8,1,0,112.50, b PWH de Silva
Afghanistan Vs Sri Lanka,Afghanistan,8,Azmatullah Omarzai ,3,4,0,0,75.00,not out 
Afghanistan Vs Sri Lanka,Afghanistan,9,Mujeeb Ur Rahman ,1,2,0,0,50.00,st †Mendis b PWH de Silva
Afghanistan Vs Sri Lanka,Sri Lanka,1,Pathum Nissanka ,10,10,2,0,100.00, b Mujeeb Ur Rahman
Afghanistan Vs Sri Lanka,Sri Lanka,2,Kusal Mendis †,25,27,2,1,92.59,c †Rahmanullah Gurbaz b Rashid Khan
Afghanistan Vs Sri Lanka,Sri Lanka,3,Dhananjaya de Silva ,66,42,6,2,157.14,not out 
Afghanistan Vs Sri Lanka,Sri Lanka,4,Charith Asalanka ,19,18,1,0,105.55,c Azmatullah Omarzai b Rashid Khan
Afghanistan Vs Sri Lanka,Sri Lanka,5,Bhanuka Rajapaksa ,18,14,3,0,128.57,c †Rahmanullah Gurbaz b Mujeeb Ur Rahman
Afghanistan Vs Sri Lanka,Sri Lanka,6,Dasun Shanaka (c),0,0,0,0,-,not out 
England Vs New Zealand,England,1,Jos Buttler (c)†,73,47,7,2,155.31,run out (Williamson/Southee)
England Vs New Zealand,England,2,Alex Hales ,52,40,7,1,130.00,st †Conway b Santner
England Vs New Zealand,England,3,Moeen Ali ,5,6,0,0,83.33,c Boult b Sodhi
England Vs New Zealand,England,4,Liam Livingstone ,20,14,1,1,142.85, b Ferguson
England Vs New Zealand,England,5,Harry Brook ,7,3,0,1,233.33,c Allen b Southee
England Vs New Zealand,England,6,Ben Stokes ,8,7,0,0,114.28,lbw b Ferguson
England Vs New Zealand,England,7,Sam Curran ,6,3,0,1,200.00,not out 
England Vs New Zealand,England,8,Dawid Malan ,3,1,0,0,300.00,not out 
England Vs New Zealand,New Zealand,1,Finn Allen ,16,11,0,1,145.45,c Stokes b Curran
England Vs New Zealand,New Zealand,2,Devon Conway †,3,9,0,0,33.33,c †Buttler b Woakes
England Vs New Zealand,New Zealand,3,Kane Williamson (c),40,40,3,0,100.00,c Rashid b Stokes
England Vs New Zealand,New Zealand,4,Glenn Phillips ,62,36,4,3,172.22,c sub (CJ Jordan) b Curran
England Vs New Zealand,New Zealand,5,James Neesham ,6,3,1,0,200.00,c Curran b Wood
England Vs New Zealand,New Zealand,6,Daryl Mitchell ,3,5,0,0,60.00,c sub (CJ Jordan) b Woakes
England Vs New Zealand,New Zealand,7,Mitchell Santner ,16,10,0,1,160.00,not out 
England Vs New Zealand,New Zealand,8,Ish Sodhi ,6,6,0,0,100.00,not out 
Zimbabwe Vs Netherlands,Zimbabwe,1,Wessly Madhevere ,1,5,0,0,20.00, b van Meekeren
Zimbabwe Vs Netherlands,Zimbabwe,2,Craig Ervine (c),3,12,0,0,25.00,c †Edwards b Glover
Zimbabwe Vs Netherlands,Zimbabwe,3,Regis Chakabva †,5,16,1,0,31.25,lbw b Glover
Zimbabwe Vs Netherlands,Zimbabwe,4,Sean Williams ,28,23,3,0,121.73,c O'Dowd b van Meekeren
Zimbabwe Vs Netherlands,Zimbabwe,5,Sikandar Raza ,40,24,3,3,166.66,c Klaassen b de Leede
Zimbabwe Vs Netherlands,Zimbabwe,6,Milton Shumba ,2,3,0,0,66.66,c Myburgh b van Beek
Zimbabwe Vs Netherlands,Zimbabwe,7,Ryan Burl ,2,7,0,0,28.57, b van Meekeren
Zimbabwe Vs Netherlands,Zimbabwe,8,Luke Jongwe ,6,8,0,0,75.00,c van Beek b de Leede
Zimbabwe Vs Netherlands,Zimbabwe,9,Richard Ngarava ,9,7,0,1,128.57,c Myburgh b Klaassen
Zimbabwe Vs Netherlands,Zimbabwe,10,Tendai Chatara ,6,7,0,0,85.71,not out 
Zimbabwe Vs Netherlands,Zimbabwe,11,Blessing Muzarabani ,1,4,0,0,25.00,c Glover b van Beek
Zimbabwe Vs Netherlands,Netherlands,1,Stephan Myburgh ,8,7,0,1,114.28,c Burl b Muzarabani
Zimbabwe Vs Netherlands,Netherlands,2,Max O'Dowd ,52,47,8,1,110.63,c Shumba b Muzarabani
Zimbabwe Vs Netherlands,Netherlands,3,Tom Cooper ,32,29,2,1,110.34,c Madhevere b Jongwe
Zimbabwe Vs Netherlands,Netherlands,4,Colin Ackermann ,1,5,0,0,20.00,c Jongwe b Ngarava
Zimbabwe Vs Netherlands,Netherlands,5,Bas de Leede ,12,12,2,0,100.00,not out 
Zimbabwe Vs Netherlands,Netherlands,6,Scott Edwards (c)†,5,6,1,0,83.33,c †Chakabva b Ngarava
Zimbabwe Vs Netherlands,Netherlands,7,Roelof van der Merwe ,0,3,0,0,0.00,not out 
India Vs Bangladesh,India,1,KL Rahul ,50,32,3,4,156.25,c Mustafizur Rahman b Shakib Al Hasan
India Vs Bangladesh,India,2,Rohit Sharma (c),2,8,0,0,25.00,c Yasir Ali b Hasan Mahmud
India Vs Bangladesh,India,3,Virat Kohli ,64,44,8,1,145.45,not out 
India Vs Bangladesh,India,4,Suryakumar Yadav ,30,16,4,0,187.50, b Shakib Al Hasan
India Vs Bangladesh,India,5,Hardik Pandya ,5,6,0,0,83.33,c Yasir Ali b Hasan Mahmud
India Vs Bangladesh,India,6,Dinesh Karthik †,7,5,1,0,140.00,run out (Shakib Al Hasan/Shoriful Islam)
India Vs Bangladesh,India,7,Axar Patel ,7,6,1,0,116.66,c Shakib Al Hasan b Hasan Mahmud
India Vs Bangladesh,India,8,Ravichandran Ashwin ,13,6,1,1,216.66,not out 
India Vs Bangladesh,Bangladesh,1,Najmul Hossain Shanto ,21,25,1,1,84.00,c Yadav b Mohammed Shami
India Vs Bangladesh,Bangladesh,2,Litton Das ,60,27,7,3,222.22,run out (Rahul)
India Vs Bangladesh,Bangladesh,3,Shakib Al Hasan (c),13,12,2,0,108.33,c sub (DJ Hooda) b Arshdeep Singh
India Vs Bangladesh,Bangladesh,4,Afif Hossain ,3,5,0,0,60.00,c Yadav b Arshdeep Singh
India Vs Bangladesh,Bangladesh,5,Yasir Ali ,1,3,0,0,33.33,c Arshdeep Singh b Pandya
India Vs Bangladesh,Bangladesh,6,Nurul Hasan †,25,14,2,1,178.57,not out 
India Vs Bangladesh,Bangladesh,7,Mosaddek Hossain ,6,3,0,1,200.00, b Pandya
India Vs Bangladesh,Bangladesh,8,Taskin Ahmed ,12,7,1,1,171.42,not out 
Pakistan Vs South Africa,Pakistan,1,Mohammad Rizwan †,4,4,1,0,100.00, b Parnell
Pakistan Vs South Africa,Pakistan,2,Babar Azam (c),6,15,0,0,40.00,c Rabada b Ngidi
Pakistan Vs South Africa,Pakistan,3,Mohammad Haris ,28,11,2,3,254.54,lbw b Nortje
Pakistan Vs South Africa,Pakistan,4,Shan Masood ,2,6,0,0,33.33,c Bavuma b Nortje
Pakistan Vs South Africa,Pakistan,5,Iftikhar Ahmed ,51,35,3,2,145.71,c Rossouw b Rabada
Pakistan Vs South Africa,Pakistan,6,Mohammad Nawaz ,28,22,4,1,127.27,lbw b Shamsi
Pakistan Vs South Africa,Pakistan,7,Shadab Khan ,52,22,3,4,236.36,c Stubbs b Nortje
Pakistan Vs South Africa,Pakistan,8,Mohammad Wasim ,0,1,0,0,0.00,c Bavuma b Nortje
Pakistan Vs South Africa,Pakistan,9,Naseem Shah ,5,3,0,0,166.66,not out 
Pakistan Vs South Africa,Pakistan,10,Haris Rauf ,3,2,0,0,150.00,run out (Klaasen/Bavuma)
Pakistan Vs South Africa,South Africa,1,Temba Bavuma (c),36,19,4,1,189.47,c †Mohammad Rizwan b Shadab Khan
Pakistan Vs South Africa,South Africa,2,Quinton de Kock †,0,5,0,0,0.00,c Mohammad Haris b Shaheen Shah Afridi
Pakistan Vs South Africa,South Africa,3,Rilee Rossouw ,7,6,0,1,116.66,c Naseem Shah b Shaheen Shah Afridi
Pakistan Vs South Africa,South Africa,4,Aiden Markram ,20,14,4,0,142.85, b Shadab Khan
Pakistan Vs South Africa,South Africa,5,Heinrich Klaasen ,15,9,3,0,166.66,c Mohammad Wasim b Shaheen Shah Afridi
Pakistan Vs South Africa,South Africa,6,Tristan Stubbs ,18,18,0,1,100.00,c Mohammad Nawaz b Naseem Shah
Pakistan Vs South Africa,South Africa,7,Wayne Parnell ,3,4,0,0,75.00,lbw b Mohammad Wasim
Pakistan Vs South Africa,South Africa,8,Kagiso Rabada ,1,2,0,0,50.00,run out (Mohammad Nawaz/Haris Rauf)
Pakistan Vs South Africa,South Africa,9,Anrich Nortje ,1,5,0,0,20.00,c Mohammad Haris b Haris Rauf
Pakistan Vs South Africa,South Africa,10,Lungi Ngidi ,4,1,1,0,400.00,not out 
Pakistan Vs South Africa,South Africa,11,Tabraiz Shamsi ,1,1,0,0,100.00,not out 
New Zealand Vs Ireland,New Zealand,1,Finn Allen ,32,18,5,1,177.77,c Hand b Adair
New Zealand Vs Ireland,New Zealand,2,Devon Conway †,28,33,2,0,84.84,c Adair b Delany
New Zealand Vs Ireland,New Zealand,3,Kane Williamson (c),61,35,5,3,174.28,c Delany b Little
New Zealand Vs Ireland,New Zealand,4,Glenn Phillips ,17,9,2,1,188.88,c Dockrell b Delany
New Zealand Vs Ireland,New Zealand,5,Daryl Mitchell ,31,21,2,0,147.61,not out 
New Zealand Vs Ireland,New Zealand,6,James Neesham ,0,1,0,0,0.00,lbw b Little
New Zealand Vs Ireland,New Zealand,7,Mitchell Santner ,0,1,0,0,0.00,lbw b Little
New Zealand Vs Ireland,New Zealand,8,Tim Southee ,1,2,0,0,50.00,not out 
New Zealand Vs Ireland,Ireland,1,Paul Stirling ,37,27,3,1,137.03, b Sodhi
New Zealand Vs Ireland,Ireland,2,Andy Balbirnie (c),30,25,0,3,120.00, b Santner
New Zealand Vs Ireland,Ireland,3,Lorcan Tucker †,13,14,0,0,92.85,c Allen b Sodhi
New Zealand Vs Ireland,Ireland,4,Harry Tector ,2,7,0,0,28.57,c Southee b Santner
New Zealand Vs Ireland,Ireland,5,Gareth Delany ,10,8,2,0,125.00,c †Conway b Ferguson
New Zealand Vs Ireland,Ireland,6,George Dockrell ,23,15,3,0,153.33,c Williamson b Ferguson
New Zealand Vs Ireland,Ireland,7,Curtis Campher ,7,7,1,0,100.00,c Allen b Southee
New Zealand Vs Ireland,Ireland,8,Fionn Hand ,5,3,1,0,166.66,c & b Ferguson
New Zealand Vs Ireland,Ireland,9,Mark Adair ,4,5,0,0,80.00,c Phillips b Southee
New Zealand Vs Ireland,Ireland,10,Barry McCarthy ,6,5,0,0,120.00,not out 
New Zealand Vs Ireland,Ireland,11,Josh Little ,8,4,0,1,200.00,not out 
Australia Vs Afghanistan,Australia,1,David Warner ,25,18,5,0,138.88, b Naveen-ul-Haq
Australia Vs Afghanistan,Australia,2,Cameron Green ,3,2,0,0,150.00,c Gulbadin Naib b Fazalhaq Farooqi
Australia Vs Afghanistan,Australia,3,Mitchell Marsh ,45,30,3,2,150.00,c †Rahmanullah Gurbaz b Mujeeb Ur Rahman
Australia Vs Afghanistan,Australia,4,Steven Smith ,4,4,1,0,100.00,lbw b Naveen-ul-Haq
Australia Vs Afghanistan,Australia,5,Marcus Stoinis ,25,21,0,2,119.04,c Usman Ghani b Rashid Khan
Australia Vs Afghanistan,Australia,6,Glenn Maxwell ,54,32,6,2,168.75,not out 
Australia Vs Afghanistan,Australia,7,Matthew Wade (c)†,6,8,1,0,75.00, b Fazalhaq Farooqi
Australia Vs Afghanistan,Australia,8,Pat Cummins ,0,2,0,0,0.00,c Rashid Khan b Naveen-ul-Haq
Australia Vs Afghanistan,Australia,9,Kane Richardson ,1,1,0,0,100.00,run out (Naveen-ul-Haq)
Australia Vs Afghanistan,Australia,10,Adam Zampa ,1,1,0,0,100.00,not out 
Australia Vs Afghanistan,Afghanistan,1,Rahmanullah Gurbaz †,30,17,2,2,176.47,c Warner b Richardson
Australia Vs Afghanistan,Afghanistan,2,Usman Ghani ,2,7,0,0,28.57,c Cummins b Hazlewood
Australia Vs Afghanistan,Afghanistan,3,Ibrahim Zadran ,26,33,2,0,78.78,c Marsh b Zampa
Australia Vs Afghanistan,Afghanistan,4,Gulbadin Naib ,39,23,3,2,169.56,run out (Maxwell)
Australia Vs Afghanistan,Afghanistan,5,Mohammad Nabi (c),1,2,0,0,50.00,c Warner b Hazlewood
Australia Vs Afghanistan,Afghanistan,6,Najibullah Zadran ,0,2,0,0,0.00,c Maxwell b Zampa
Australia Vs Afghanistan,Afghanistan,7,Darwish Rasooli ,15,13,1,0,115.38,run out (†Wade/Stoinis)
Australia Vs Afghanistan,Afghanistan,8,Rashid Khan ,48,23,3,4,208.69,not out 
Australia Vs Afghanistan,Afghanistan,9,Naveen-ul-Haq ,0,0,0,0,-,not out 
Sri Lanka Vs England,Sri Lanka,1,Pathum Nissanka ,67,45,2,5,148.88,c sub (CJ Jordan) b Rashid
Sri Lanka Vs England,Sri Lanka,2,Kusal Mendis †,18,14,1,1,128.57,c Livingstone b Woakes
Sri Lanka Vs England,Sri Lanka,3,Dhananjaya de Silva ,9,11,0,0,81.81,c Stokes b Curran
Sri Lanka Vs England,Sri Lanka,4,Charith Asalanka ,8,9,0,0,88.88,c Malan b Stokes
Sri Lanka Vs England,Sri Lanka,5,Bhanuka Rajapaksa ,22,22,3,0,100.00,c Curran b Wood
Sri Lanka Vs England,Sri Lanka,6,Dasun Shanaka (c),3,8,0,0,37.50,c †Buttler b Wood
Sri Lanka Vs England,Sri Lanka,7,Wanindu Hasaranga de Silva ,9,9,1,0,100.00,run out (†Buttler/Wood)
Sri Lanka Vs England,Sri Lanka,8,Chamika Karunaratne ,0,2,0,0,0.00,c Hales b Wood
Sri Lanka Vs England,Sri Lanka,9,Maheesh Theekshana ,0,0,0,0,-,not out 
Sri Lanka Vs England,England,1,Jos Buttler (c)†,28,23,2,1,121.73,c Karunaratne b PWH de Silva
Sri Lanka Vs England,England,2,Alex Hales ,47,30,7,1,156.66,c & b PWH de Silva
Sri Lanka Vs England,England,3,Ben Stokes ,42,36,2,0,116.66,not out 
Sri Lanka Vs England,England,4,Harry Brook ,4,5,0,0,80.00,c & b DM de Silva
Sri Lanka Vs England,England,5,Liam Livingstone ,4,6,0,0,66.66,c DM de Silva b Kumara
Sri Lanka Vs England,England,6,Moeen Ali ,1,5,0,0,20.00,c Shanaka b DM de Silva
Sri Lanka Vs England,England,7,Sam Curran ,6,11,0,0,54.54,c Rajitha b Kumara
Sri Lanka Vs England,England,8,Chris Woakes ,5,3,1,0,166.66,not out 
Netherlands Vs South Africa,Netherlands,1,Stephan Myburgh ,37,30,7,0,123.33,c Rossouw b Markram
Netherlands Vs South Africa,Netherlands,2,Max O'Dowd ,29,31,1,1,93.54,c Rabada b Maharaj
Netherlands Vs South Africa,Netherlands,3,Tom Cooper ,35,19,2,2,184.21,c †de Kock b Maharaj
Netherlands Vs South Africa,Netherlands,4,Colin Ackermann ,41,26,3,2,157.69,not out 
Netherlands Vs South Africa,Netherlands,5,Bas de Leede ,1,7,0,0,14.28, b Nortje
Netherlands Vs South Africa,Netherlands,6,Scott Edwards (c)†,12,7,2,0,171.42,not out 
Netherlands Vs South Africa,South Africa,1,Quinton de Kock †,13,13,1,1,100.00,c †Edwards b Klaassen
Netherlands Vs South Africa,South Africa,2,Temba Bavuma (c),20,20,2,0,100.00, b van Meekeren
Netherlands Vs South Africa,South Africa,3,Rilee Rossouw ,25,19,2,0,131.57,c O'Dowd b Glover
Netherlands Vs South Africa,South Africa,4,Aiden Markram ,17,13,2,0,130.76,c Myburgh b Klaassen
Netherlands Vs South Africa,South Africa,5,David Miller ,17,17,1,0,100.00,c van der Merwe b Glover
Netherlands Vs South Africa,South Africa,6,Heinrich Klaasen ,21,18,0,1,116.66,c van Beek b de Leede
Netherlands Vs South Africa,South Africa,7,Wayne Parnell ,0,2,0,0,0.00,c †Edwards b Glover
Netherlands Vs South Africa,South Africa,8,Keshav Maharaj ,13,12,0,1,108.33,c O'Dowd b de Leede
Netherlands Vs South Africa,South Africa,9,Kagiso Rabada ,9,8,0,0,112.50,not out 
Netherlands Vs South Africa,South Africa,10,Anrich Nortje ,4,1,1,0,400.00,not out 
Bangladesh Vs Pakistan,Bangladesh,1,Najmul Hossain Shanto ,54,48,7,0,112.50, b Iftikhar Ahmed
Bangladesh Vs Pakistan,Bangladesh,2,Litton Das ,10,8,0,1,125.00,c Shan Masood b Shaheen Shah Afridi
Bangladesh Vs Pakistan,Bangladesh,3,Soumya Sarkar ,20,17,1,1,117.64,c Shan Masood b Shadab Khan
Bangladesh Vs Pakistan,Bangladesh,4,Shakib Al Hasan (c),0,1,0,0,0.00,lbw b Shadab Khan
Bangladesh Vs Pakistan,Bangladesh,5,Afif Hossain ,24,20,3,0,120.00,not out 
Bangladesh Vs Pakistan,Bangladesh,6,Mosaddek Hossain ,5,11,0,0,45.45, b Shaheen Shah Afridi
Bangladesh Vs Pakistan,Bangladesh,7,Nurul Hasan †,0,3,0,0,0.00,c Mohammad Haris b Shaheen Shah Afridi
Bangladesh Vs Pakistan,Bangladesh,8,Taskin Ahmed ,1,5,0,0,20.00,c Babar Azam b Shaheen Shah Afridi
Bangladesh Vs Pakistan,Bangladesh,9,Nasum Ahmed ,7,6,1,0,116.66,c Mohammad Wasim b Haris Rauf
Bangladesh Vs Pakistan,Bangladesh,10,Mustafizur Rahman ,0,1,0,0,0.00,not out 
Bangladesh Vs Pakistan,Pakistan,1,Mohammad Rizwan †,32,32,2,1,100.00,c Najmul Hossain Shanto b Ebadot Hossain
Bangladesh Vs Pakistan,Pakistan,2,Babar Azam (c),25,33,2,0,75.75,c Mustafizur Rahman b Nasum Ahmed
Bangladesh Vs Pakistan,Pakistan,3,Mohammad Nawaz ,4,11,0,0,36.36,run out (Litton Das)
Bangladesh Vs Pakistan,Pakistan,4,Mohammad Haris ,31,18,1,2,172.22,c Nasum Ahmed b Shakib Al Hasan
Bangladesh Vs Pakistan,Pakistan,5,Shan Masood ,24,14,2,0,171.42,not out 
Bangladesh Vs Pakistan,Pakistan,6,Iftikhar Ahmed ,1,3,0,0,33.33,c Najmul Hossain Shanto b Mustafizur Rahman
Bangladesh Vs Pakistan,Pakistan,7,Shadab Khan ,0,0,0,0,-,not out 
India Vs Zimbabwe,India,1,KL Rahul ,51,35,3,3,145.71,c Masakadza b Sikandar Raza
India Vs Zimbabwe,India,2,Rohit Sharma (c),15,13,2,0,115.38,c Masakadza b Muzarabani
India Vs Zimbabwe,India,3,Virat Kohli ,26,25,2,0,104.00,c Burl b Williams
India Vs Zimbabwe,India,4,Suryakumar Yadav ,61,25,6,4,244.00,not out 
India Vs Zimbabwe,India,5,Rishabh Pant †,3,5,0,0,60.00,c Burl b Williams
India Vs Zimbabwe,India,6,Hardik Pandya ,18,18,2,0,100.00,c Muzarabani b Ngarava
India Vs Zimbabwe,India,7,Axar Patel ,0,0,0,0,-,not out 
India Vs Zimbabwe,Zimbabwe,1,Wessly Madhevere ,0,1,0,0,0.00,c Kohli b Kumar
India Vs Zimbabwe,Zimbabwe,2,Craig Ervine (c),13,15,2,0,86.66,c & b Pandya
India Vs Zimbabwe,Zimbabwe,3,Regis Chakabva †,0,6,0,0,0.00, b Arshdeep Singh
India Vs Zimbabwe,Zimbabwe,4,Sean Williams ,11,18,0,1,61.11,c Kumar b Mohammed Shami
India Vs Zimbabwe,Zimbabwe,5,Sikandar Raza ,34,24,3,0,141.66,c Yadav b Pandya
India Vs Zimbabwe,Zimbabwe,6,Tony Munyonga ,5,4,1,0,125.00,lbw b Mohammed Shami
India Vs Zimbabwe,Zimbabwe,7,Ryan Burl ,35,22,5,1,159.09, b Ashwin
India Vs Zimbabwe,Zimbabwe,8,Wellington Masakadza ,1,7,0,0,14.28,c Sharma b Ashwin
India Vs Zimbabwe,Zimbabwe,9,Richard Ngarava ,1,2,0,0,50.00, b Ashwin
India Vs Zimbabwe,Zimbabwe,10,Tendai Chatara ,4,4,1,0,100.00,c & b Patel
India Vs Zimbabwe,Zimbabwe,11,Blessing Muzarabani ,0,2,0,0,0.00,not out 
New Zealand Vs Pakistan,New Zealand,1,Finn Allen ,4,3,1,0,133.33,lbw b Shaheen Shah Afridi
New Zealand Vs Pakistan,New Zealand,2,Devon Conway †,21,20,3,0,105.00,run out (Shadab Khan)
New Zealand Vs Pakistan,New Zealand,3,Kane Williamson (c),46,42,1,1,109.52, b Shaheen Shah Afridi
New Zealand Vs Pakistan,New Zealand,4,Glenn Phillips ,6,8,1,0,75.00,c & b Mohammad Nawaz
New Zealand Vs Pakistan,New Zealand,5,Daryl Mitchell ,53,35,3,1,151.42,not out 
New Zealand Vs Pakistan,New Zealand,6,James Neesham ,16,12,1,0,133.33,not out 
New Zealand Vs Pakistan,Pakistan,1,Mohammad Rizwan †,57,43,5,0,132.55,c Phillips b Boult
New Zealand Vs Pakistan,Pakistan,2,Babar Azam (c),53,42,7,0,126.19,c Mitchell b Boult
New Zealand Vs Pakistan,Pakistan,3,Mohammad Haris ,30,26,2,1,115.38,c Allen b Santner
New Zealand Vs Pakistan,Pakistan,4,Shan Masood ,3,4,0,0,75.00,not out 
New Zealand Vs Pakistan,Pakistan,5,Iftikhar Ahmed ,0,0,0,0,-,not out 
India Vs England,India,1,KL Rahul ,5,5,1,0,100.00,c †Buttler b Woakes
India Vs England,India,2,Rohit Sharma (c),27,28,4,0,96.42,c Curran b Jordan
India Vs England,India,3,Virat Kohli ,50,40,4,1,125.00,c Rashid b Jordan
India Vs England,India,4,Suryakumar Yadav ,14,10,1,1,140.00,c Salt b Rashid
India Vs England,India,5,Hardik Pandya ,63,33,4,5,190.90,hit wicket b Jordan
India Vs England,India,6,Rishabh Pant †,6,4,1,0,150.00,run out (†Buttler/Jordan)
India Vs England,India,7,Ravichandran Ashwin ,0,0,0,0,-,not out 
India Vs England,England,1,Jos Buttler (c)†,80,49,9,3,163.26,not out 
India Vs England,England,2,Alex Hales ,86,47,4,7,182.97,not out 
Pakistan Vs England,Pakistan,1,Mohammad Rizwan †,15,14,0,1,107.14, b Curran
Pakistan Vs England,Pakistan,2,Babar Azam (c),32,28,2,0,114.28,c & b Rashid
Pakistan Vs England,Pakistan,3,Mohammad Haris ,8,12,1,0,66.66,c Stokes b Rashid
Pakistan Vs England,Pakistan,4,Shan Masood ,38,28,2,1,135.71,c Livingstone b Curran
Pakistan Vs England,Pakistan,5,Iftikhar Ahmed ,0,6,0,0,0.00,c †Buttler b Stokes
Pakistan Vs England,Pakistan,6,Shadab Khan ,20,14,2,0,142.85,c Woakes b Jordan
Pakistan Vs England,Pakistan,7,Mohammad Nawaz ,5,7,0,0,71.42,c Livingstone b Curran
Pakistan Vs England,Pakistan,8,Mohammad Wasim ,4,8,0,0,50.00,c Livingstone b Jordan
Pakistan Vs England,Pakistan,9,Shaheen Shah Afridi ,5,3,1,0,166.66,not out 
Pakistan Vs England,Pakistan,10,Haris Rauf ,1,1,0,0,100.00,not out 
Pakistan Vs England,England,1,Jos Buttler (c)†,26,17,3,1,152.94,c †Mohammad Rizwan b Haris Rauf
Pakistan Vs England,England,2,Alex Hales ,1,2,0,0,50.00, b Shaheen Shah Afridi
Pakistan Vs England,England,3,Phil Salt ,10,9,2,0,111.11,c Iftikhar Ahmed b Haris Rauf
Pakistan Vs England,England,4,Ben Stokes ,52,49,5,1,106.12,not out 
Pakistan Vs England,England,5,Harry Brook ,20,23,1,0,86.95,c Shaheen Shah Afridi b Shadab Khan
Pakistan Vs England,England,6,Moeen Ali ,19,13,3,0,146.15, b Mohammad Wasim
Pakistan Vs England,England,7,Liam Livingstone ,1,1,0,0,100.00,not out 
